Horodatage;Ville;Pays;Température (°C);Description météo
2025-01-25 01:45:08;Tirana;Albania;4,49;Brouillard 🌫️
2025-01-25 01:45:08;Berlin;Germany;6,95;Nuages épars ⛅
2025-01-25 01:45:08;Andorra la Vella;Andorra;1,66;Ciel couvert ☁️
2025-01-25 01:45:09;Vienna;Austria;3,26;Nuages fragmentés 🌥️
2025-01-25 01:45:09;Brussels;Belgium;6,24;Pluie modérée 🌧️
2025-01-25 01:45:09;Minsk;Belarus;-0,52;Ciel couvert ☁️
2025-01-25 01:45:09;Sarajevo;Bosnia and Herzegovina;-1,05;Brouillard 🌫️
2025-01-25 01:45:10;Sofia;Bulgaria;5,66;Nuages épars ⛅
2025-01-25 01:45:10;Nicosia;Cyprus;3,83;Quelques nuages 🌤️
2025-01-25 01:45:10;Zagreb;Croatia;5,5;Brouillard 🌫️
2025-01-25 01:45:10;Copenhagen;Denmark;6,07;Nuages fragmentés 🌥️
2025-01-25 01:45:11;Madrid;Spain;10,21;Ciel couvert ☁️
2025-01-25 01:45:11;Tallinn;Estonia;2,19;Ciel dégagé ☀️
2025-01-25 01:45:11;Helsinki;Finland;2,34;Pluie légère 🌧️
2025-01-25 01:45:11;Paris;France;12,13;Nuages fragmentés 🌥️
2025-01-25 01:45:12;Athens;Greece;10,9;Quelques nuages 🌤️
2025-01-25 01:45:12;Budapest;Hungary;3,83;Nuages fragmentés 🌥️
2025-01-25 01:45:12;Dublin;Ireland;12,58;Ciel dégagé ☀️
2025-01-25 01:45:12;Reykjavik;Iceland;-0,19;Neige ❄️
2025-01-25 01:45:14;Rome;Italy;-1,37;Ciel dégagé ☀️
2025-01-25 01:45:14;Pristina;Kosovo;3,59;Brouillard 🌫️
2025-01-25 01:45:14;Riga;Latvia;2,24;Nuages épars ⛅
2025-01-25 01:45:14;Vaduz;Liechtenstein;4,48;Ciel couvert ☁️
2025-01-25 01:45:15;Vilnius;Lithuania;0,83;Ciel couvert ☁️
2025-01-25 01:45:15;Luxembourg;Luxembourg;7,99;Pluie modérée 🌧️
2025-01-25 01:45:15;Skopje;North Macedonia;-0,18;Brume 🌫️
2025-01-25 01:45:15;Valletta;Malta;12,3;Ciel dégagé ☀️
2025-01-25 01:45:16;Chisinau;Moldova;4,4;Brume 🌫️
2025-01-25 01:45:16;Monaco;Monaco;10,95;Nuages fragmentés 🌥️
2025-01-25 01:45:16;Podgorica;Montenegro;3,88;Brouillard 🌫️
2025-01-25 01:45:17;Oslo;Norway;4,2;Ciel couvert ☁️
2025-01-25 01:45:17;Amsterdam;Netherlands;6,61;Pluie légère 🌧️
2025-01-25 01:45:17;Warsaw;Poland;2,78;Nuages épars ⛅
2025-01-25 01:45:18;Lisbon;Portugal;14,01;Bruine légère 🌧️
2025-01-25 01:45:18;Prague;Czech Republic;6,71;Pluie légère 🌧️
2025-01-25 01:45:18;Bucharest;Romania;4,2;Brouillard 🌫️
2025-01-25 01:45:18;London;United Kingdom;8,37;Ciel couvert ☁️
2025-01-25 01:45:19;Moscow;Russia;-1,85;Nuages fragmentés 🌥️
2025-01-25 01:45:19;San Marino;San Marino;4,06;Brouillard 🌫️
2025-01-25 01:45:19;Belgrade;Serbia;3,34;Brouillard 🌫️
2025-01-25 01:45:19;Bratislava;Slovakia;2,79;Ciel couvert ☁️
2025-01-25 01:45:20;Ljubljana;Slovenia;2,47;Quelques nuages 🌤️
2025-01-25 01:45:20;Stockholm;Sweden;3,98;Ciel couvert ☁️
2025-01-25 01:45:20;Bern;Switzerland;1,13;Quelques nuages 🌤️
2025-01-25 01:45:21;Kiev;Ukraine;3,18;Ciel couvert ☁️
2025-01-25 01:45:21;Vatican City;Vatican City State;8,86;Quelques nuages 🌤️
2025-01-25 01:45:21;Kabul;Afghanistan;-5,54;Ciel dégagé ☀️
2025-01-25 01:45:21;Riyadh;Saudi Arabia;12,53;Ciel dégagé ☀️
2025-01-25 01:45:22;Yerevan;Armenia;-2,91;Brume 🌫️
2025-01-25 01:45:22;Baku;Azerbaijan;3,03;Nuages fragmentés 🌥️
2025-01-25 01:45:22;Manama;Bahrain;16,66;Ciel dégagé ☀️
2025-01-25 01:45:22;Dhaka;Bangladesh;16,99;Brume 🌫️
2025-01-25 01:45:23;Thimphu;Bhutan;1,91;Quelques nuages 🌤️
2025-01-25 01:45:23;Naypyidaw;Myanmar;20,71;Ciel dégagé ☀️
2025-01-25 01:45:23;Bandar Seri Begawan;Brunei;26,99;Nuages fragmentés 🌥️
2025-01-25 01:45:24;Phnom Penh;Cambodia;26,95;Nuages fragmentés 🌥️
2025-01-25 01:45:24;Beijing;China;-2,06;Ciel couvert ☁️
2025-01-25 01:45:25;Pyongyang;North Korea;2,65;Ciel dégagé ☀️
2025-01-25 01:45:25;Seoul;South Korea;3,76;Ciel dégagé ☀️
2025-01-25 01:45:25;Abu Dhabi;United Arab Emirates;16,01;Ciel dégagé ☀️
2025-01-25 01:45:25;Tbilisi;Georgia;3,84;Nuages épars ⛅
2025-01-25 01:45:26;New Delhi;India;9,09;Brume 🌫️
2025-01-25 01:45:26;Jakarta;Indonesia;28,21;Brume sèche 🌫️
2025-01-25 01:45:26;Baghdad;Iraq;5,95;Brume 🌫️
2025-01-25 01:45:26;Tehran;Iran;4,84;Nuages fragmentés 🌥️
2025-01-25 01:45:27;Jerusalem;Israel;7,06;Quelques nuages 🌤️
2025-01-25 01:45:27;Tokyo;Japan;6,47;Nuages fragmentés 🌥️
2025-01-25 01:45:27;Amman;Jordan;6,05;Brume 🌫️
2025-01-25 01:45:27;Nur-Sultan;Kazakhstan;-22,03;Ciel dégagé ☀️
2025-01-25 01:45:28;Bishkek;Kyrgyzstan;-17,89;Ciel dégagé ☀️
2025-01-25 01:45:28;Kuwait City;Kuwait;14,92;Ciel couvert ☁️
2025-01-25 01:45:28;Vientiane;Laos;19,97;Brume 🌫️
2025-01-25 01:45:29;Beirut;Lebanon;13,41;Ciel couvert ☁️
2025-01-25 01:45:29;Kuala Lumpur;Malaysia;28,14;Quelques nuages 🌤️
2025-01-25 01:45:29;Male;Maldives;26,95;Ciel couvert ☁️
2025-01-25 01:45:29;Ulaanbaatar;Mongolia;-13,93;Neige légère 🌨️
2025-01-25 01:45:30;Kathmandu;Nepal;6,12;Brume 🌫️
2025-01-25 01:45:30;Muscat;Oman;15,83;Ciel dégagé ☀️
2025-01-25 01:45:30;Tashkent;Uzbekistan;-5,03;Brume 🌫️
2025-01-25 01:45:30;Islamabad;Pakistan;8,07;Ciel dégagé ☀️
2025-01-25 01:45:31;Manila;Philippines;28,8;Quelques nuages 🌤️
2025-01-25 01:45:31;Doha;Qatar;15,57;Ciel dégagé ☀️
2025-01-25 01:45:31;Singapore;Singapore;26,1;Nuages fragmentés 🌥️
2025-01-25 01:45:31;Colombo;Sri Lanka;22,97;Ciel couvert ☁️
2025-01-25 01:45:32;Damascus;Syria;7,87;Quelques nuages 🌤️
2025-01-25 01:45:32;Dushanbe;Tajikistan;-3,1;Nuages épars ⛅
2025-01-25 01:45:32;Taipei;Taiwan;18,84;Bruine légère 🌧️
2025-01-25 01:45:33;Bangkok;Thailand;28,03;Nuages fragmentés 🌥️
2025-01-25 01:45:33;Dili;East Timor;29,9;Ciel couvert ☁️
2025-01-25 01:45:33;Ashgabat;Turkmenistan;-1,08;Ciel couvert ☁️
2025-01-25 01:45:33;Ankara;Turkey;1,96;Nuages fragmentés 🌥️
2025-01-25 01:45:34;Hanoi;Vietnam;21,0;Ciel couvert ☁️
2025-01-25 01:45:34;Sanaa;Yemen;10,26;Nuages fragmentés 🌥️
2025-01-25 01:45:34;Pretoria;South Africa;19,67;Ciel dégagé ☀️
2025-01-25 01:45:34;Algiers;Algeria;14,9;Ciel dégagé ☀️
2025-01-25 01:45:35;Luanda;Angola;25,0;Nuages fragmentés 🌥️
2025-01-25 01:45:35;Porto-Novo;Benin;25,08;Ciel couvert ☁️
2025-01-25 01:45:35;Gaborone;Botswana;23,97;Ciel dégagé ☀️
2025-01-25 01:45:36;Ouagadougou;Burkina Faso;23,07;Ciel dégagé ☀️
2025-01-25 01:45:36;Gitega;Burundi;16,0;Pluie légère 🌧️
2025-01-25 01:45:36;Yaounde;Cameroon;22,74;Nuages fragmentés 🌥️
2025-01-25 01:45:36;Praia;Cape Verde;21,3;Quelques nuages 🌤️
2025-01-25 01:45:37;Moroni;Comoros;26,94;Nuages fragmentés 🌥️
2025-01-25 01:45:37;Brazzaville;Republic of Congo;23,2;Ciel couvert ☁️
2025-01-25 01:45:37;Abidjan;Ivory Coast;27,98;Quelques nuages 🌤️
2025-01-25 01:45:37;Djibouti;Djibouti;18,91;Ciel dégagé ☀️
2025-01-25 01:45:38;Cairo;Egypt;13,42;Ciel dégagé ☀️
2025-01-25 01:45:38;Asmara;Eritrea;9,63;Nuages épars ⛅
2025-01-25 01:45:38;Mbabane;Eswatini;16,31;Nuages fragmentés 🌥️
2025-01-25 01:45:38;Addis Ababa;Ethiopia;11,49;Ciel dégagé ☀️
2025-01-25 01:45:39;Libreville;Gabon;24,01;Orage 🌩️
2025-01-25 01:45:39;Banjul;Gambia;21,18;Ciel dégagé ☀️
2025-01-25 01:45:39;Accra;Ghana;27,23;Ciel dégagé ☀️
2025-01-25 01:45:39;Conakry;Guinea;26,04;Brume 🌫️
2025-01-25 01:45:40;Malabo;Equatorial Guinea;24,92;Pluie légère 🌧️
2025-01-25 01:45:40;Bissau;Guinea-Bissau;22,52;Ciel couvert ☁️
2025-01-25 01:45:40;Nairobi;Kenya;16,62;Nuages épars ⛅
2025-01-25 01:45:41;Maseru;Lesotho;17,7;Ciel dégagé ☀️
2025-01-25 01:45:41;Monrovia;Liberia;25,85;Pluie légère 🌧️
2025-01-25 01:45:41;Tripoli;Libya;14,93;Nuages épars ⛅
2025-01-25 01:45:41;Antananarivo;Madagascar;17,98;Ciel couvert ☁️
2025-01-25 01:45:42;Lilongwe;Malawi;19,19;Pluie légère 🌧️
2025-01-25 01:45:42;Bamako;Mali;26,23;Ciel dégagé ☀️
2025-01-25 01:45:42;Rabat;Morocco;11,04;Nuages épars ⛅
2025-01-25 01:45:42;Port Louis;Mauritius;22,46;Ciel couvert ☁️
2025-01-25 01:45:43;Nouakchott;Mauritania;18,96;Ciel dégagé ☀️
2025-01-25 01:45:43;Maputo;Mozambique;24,82;Quelques nuages 🌤️
2025-01-25 01:45:43;Windhoek;Namibia;25,08;Nuages fragmentés 🌥️
2025-01-25 01:45:43;Niamey;Niger;23,36;Quelques nuages 🌤️
2025-01-25 01:45:44;Abuja;Nigeria;23,08;Nuages épars ⛅
2025-01-25 01:45:44;Kampala;Uganda;19,42;Nuages fragmentés 🌥️
2025-01-25 01:45:44;Bangui;Central African Republic;23,25;Nuages épars ⛅
2025-01-25 01:45:44;Kinshasa;Democratic Republic of the Congo;23,21;Nuages fragmentés 🌥️
2025-01-25 01:45:45;Kigali;Rwanda;15,96;Nuages fragmentés 🌥️
2025-01-25 01:45:45;Sao Tome;Sao Tome and Principe;26,14;Ciel couvert ☁️
2025-01-25 01:45:45;Dakar;Senegal;19,07;Ciel dégagé ☀️
2025-01-25 01:45:46;Victoria;Seychelles;18,29;Ciel couvert ☁️
2025-01-25 01:45:46;Freetown;Sierra Leone;24,26;Ciel dégagé ☀️
2025-01-25 01:45:46;Mogadishu;Somalia;23,31;Ciel dégagé ☀️
2025-01-25 01:45:46;Khartoum;Sudan;19,05;Ciel dégagé ☀️
2025-01-25 01:45:47;Juba;South Sudan;26,74;Nuages fragmentés 🌥️
2025-01-25 01:45:47;Dodoma;Tanzania;21,95;Pluie modérée 🌧️
2025-01-25 01:45:47;NDjamena;Chad;20,98;Nuages fragmentés 🌥️
2025-01-25 01:45:47;Lome;Togo;27,09;Quelques nuages 🌤️
2025-01-25 01:45:48;Tunis;Tunisia;13,89;Quelques nuages 🌤️
2025-01-25 01:45:48;Lusaka;Zambia;19,14;Ciel dégagé ☀️
2025-01-25 01:45:48;Harare;Zimbabwe;14,68;Ciel couvert ☁️
2025-01-25 01:45:48;Saint John's;Antigua and Barbuda;-3,64;Neige ❄️
2025-01-25 01:45:49;Nassau;Bahamas;-3,24;Ciel dégagé ☀️
2025-01-25 01:45:49;Bridgetown;Barbados;26,27;Averses légères 🌦️
2025-01-25 01:45:49;Belmopan;Belize;18,85;Pluie légère 🌧️
2025-01-25 01:45:50;Ottawa;Canada;-16,19;Quelques nuages 🌤️
2025-01-25 01:45:50;San Jose;Costa Rica;14,16;Nuages fragmentés 🌥️
2025-01-25 01:45:50;Havana;Cuba;18,24;Nuages épars ⛅
2025-01-25 01:45:50;Roseau;Dominica;25,48;Nuages fragmentés 🌥️
2025-01-25 01:45:51;Washington;United States;-3,49;Ciel dégagé ☀️
2025-01-25 01:45:51;Saint George's;Grenada;26,82;Pluie légère 🌧️
2025-01-25 01:45:51;Guatemala City;Guatemala;16,91;Nuages épars ⛅
2025-01-25 01:45:51;Port-au-Prince;Haiti;24,83;Nuages fragmentés 🌥️
2025-01-25 01:45:52;Tegucigalpa;Honduras;19,14;Nuages fragmentés 🌥️
2025-01-25 01:45:52;Kingston;Jamaica;26,53;Quelques nuages 🌤️
2025-01-25 01:45:52;Mexico City;Mexico;17,75;Nuages épars ⛅
2025-01-25 01:45:52;Managua;Nicaragua;27,69;Quelques nuages 🌤️
2025-01-25 01:45:53;Panama City;Panama;26,97;Quelques nuages 🌤️
2025-01-25 01:45:53;Santo Domingo;Dominican Republic;23,92;Quelques nuages 🌤️
2025-01-25 01:45:53;Basseterre;Saint Kitts and Nevis;25,21;Quelques nuages 🌤️
2025-01-25 01:45:54;Kingstown;Saint Vincent and the Grenadines;25,21;Pluie légère 🌧️
2025-01-25 01:45:54;Castries;Saint Lucia;22,53;Pluie légère 🌧️
2025-01-25 01:45:54;San Salvador;El Salvador;18,7;Ciel dégagé ☀️
2025-01-25 01:45:54;Port of Spain;Trinidad and Tobago;24,94;Ciel dégagé ☀️
2025-01-25 01:45:55;Buenos Aires;Argentina;27,85;Ciel dégagé ☀️
2025-01-25 01:45:55;La Paz;Bolivia;10,32;Nuages épars ⛅
2025-01-25 01:45:55;Brasilia;Brazil;23,51;Nuages épars ⛅
2025-01-25 01:45:55;Santiago;Chile;26,34;Ciel dégagé ☀️
2025-01-25 01:45:56;Bogota;Colombia;12,19;Nuages fragmentés 🌥️
2025-01-25 01:45:56;Quito;Ecuador;10,53;Nuages épars ⛅
2025-01-25 01:45:56;Georgetown;Guyana;25,03;Quelques nuages 🌤️
2025-01-25 01:45:56;Asuncion;Paraguay;31,44;Quelques nuages 🌤️
2025-01-25 01:45:57;Lima;Peru;23,83;Ciel dégagé ☀️
2025-01-25 01:45:57;Paramaribo;Suriname;24,11;Ciel dégagé ☀️
2025-01-25 01:45:57;Montevideo;Uruguay;27,55;Ciel dégagé ☀️
2025-01-25 01:45:58;Caracas;Venezuela;19,67;Ciel dégagé ☀️
2025-01-25 01:45:58;Canberra;Australia;25,68;Ciel couvert ☁️
2025-01-25 01:45:58;Suva;Fiji;30,71;Pluie légère 🌧️
2025-01-25 01:45:58;Majuro;Marshall Islands;28,98;Pluie légère 🌧️
2025-01-25 01:45:59;Honiara;Solomon Islands;29,93;Nuages fragmentés 🌥️
2025-01-25 01:45:59;South Tarawa;Kiribati;29,0;Quelques nuages 🌤️
2025-01-25 01:45:59;Palikir;Micronesia;29,41;Ciel couvert ☁️
2025-01-25 01:45:59;Yaren;Nauru;27,58;Nuages fragmentés 🌥️
2025-01-25 01:46:00;Wellington;New Zealand;25,81;Ciel couvert ☁️
2025-01-25 01:46:00;Port Moresby;Papua New Guinea;31,68;Nuages épars ⛅
2025-01-25 01:46:01;Apia;Samoa;29,95;Pluie légère 🌧️
2025-01-25 01:46:01;Nuku'alofa;Tonga;29,19;Averses légères 🌦️
2025-01-25 01:46:01;Funafuti;Tuvalu;30,0;Nuages fragmentés 🌥️
2025-01-25 01:46:01;Port Vila;Vanuatu;28,78;Pluie modérée 🌧️
